{
  "project_info": {
    "project_number": "330376603832",
    "firebase_url": "https://bridje-5144d.firebaseio.com",
    "project_id": "bridje-5144d",
    "storage_bucket": "bridje-5144d.appspot.com"
  },
  "client": [
    {
      "client_info": {
        "mobilesdk_app_id": "1:330376603832:android:c195c693ffdaed6989ec4d",
        "android_client_info": {
          "package_name": "com.example.bridje"
        }
      },
      "oauth_client": [
        {
          "client_id": "330376603832-bdo52lmdg834cqgdvh53mmf34mho4or0.apps.googleusercontent.com",
          "client_type": 1,
          "android_info": {
            "package_name": "com.example.bridje",
            "certificate_hash": "b8506e3033df69bf7c1bb457b5b53d7431b016c9"
          }
        },
        {
          "client_id": "330376603832-915okro0pne32e331d07hsf406pi418q.apps.googleusercontent.com",
          "client_type": 3
        }
      ],
      "api_key": [
        {
          "current_key": "AIzaSyAhZXYGAjAe73Kjqvc2rgqo_as-G6zd3c8"
        }
      ],
      "services": {
        "appinvite_service": {
          "other_platform_oauth_client": [
            {
              "client_id": "330376603832-915okro0pne32e331d07hsf406pi418q.apps.googleusercontent.com",
              "client_type": 3
            }
          ]
        }
      }
    }
  ],
  "configuration_version": "1"
}